<assembly
	xmlns="http://maven.apache.org/plugins/maven-assembly-plugin/assembly/1.1.0"
	xmlns:xsi="http://www.w3.org/2001/XMLSchema-instance"
	xsi:schemaLocation="http://maven.apache.org/plugins/maven-assembly-plugin/assembly/1.1.0 http://maven.apache.org/xsd/assembly-1.1.0.xsd">
	<id>bin</id>
	<formats>
		<format>zip</format>
	</formats>
	<files>
		<file>
			<source>${project.build.directory}/${project.artifactId}-${version}.jar</source>
			<destName>${project.artifactId}.jar</destName>
			<outputDirectory>/dist/lib</outputDirectory>
		</file>
		<file>
			<source>${project.basedir}/zkdoc/COPYING</source>
			<outputDirectory>/doc</outputDirectory>
		</file>
		<file>
			<source>${project.basedir}/zkdoc/release-note</source>
			<outputDirectory>/doc</outputDirectory>
		</file>
	</files>
</assembly>
